[
  {
    "desc": "Generate simple or strong passwords and copy them to clipboard",
    "name": "PasswordGenerator",
    "type": "Module"
  },
  {
    "desc": "Generates a random password and copies it to the clipboard",
    "module": "PasswordGenerator",
    "name": "copyPassword",
    "type": "Method"
  },
  {
    "desc": "Generates a random password",
    "module": "PasswordGenerator",
    "name": "generatePassword",
    "type": "Method"
  },
  {
    "desc": "Generates a random password and copies it to the clipboard. This method can use special characters: ABCDEFGHIJKLMNPQRSTUVWXYZabcdefghijklmnopqrstuvwxyz123456789!\\\\#$%&()*+-./<=>?@[]^_{|}~ Excludes similar characters like O and 0 or ' and \" or ` and ´ or : and ; and ,",
    "module": "PasswordGenerator",
    "name": "strongPassword",
    "type": "Method"
  },
  {
    "desc": "Generates a random password and copies it to the clipboard. This method uses only alphanumeric characters: ABCDEFGHIJKLMNPQRSTUVWXYZabcdefghijklmnopqrstuvwxyz123456789 Excludes similar characters like O and 0 or ' and \" or ` and ´ or : and ; and ,",
    "module": "PasswordGenerator",
    "name": "weakPassword",
    "type": "Method"
  }
]