[
  {
    "Command": [],
    "Constant": [],
    "Constructor": [],
    "Deprecated": [],
    "Field": [],
    "Function": [],
    "Method": [
      {
        "def": "AutoClick:bindHotkeys(mapping)",
        "desc": "Binds hotkeys for AutoClick",
        "doc": "Binds hotkeys for AutoClick\n\nParameters:\n * mapping - A table containing hotkey modifier/key details for the following items:\n  * triggerAutoClick - Start/Stop AutoClick",
        "name": "bindHotkeys",
        "parameters": [
          " * mapping - A table containing hotkey modifier/key details for the following items:",
          "  * triggerAutoClick - Start/Stop AutoClick"
        ],
        "signature": "AutoClick:bindHotkeys(mapping)",
        "stripped_doc": "",
        "type": "Method"
      },
      {
        "def": "AutoClick:init()",
        "desc": "Initializes AutoClick",
        "doc": "Initializes AutoClick\n\nParameters:\n * None",
        "name": "init",
        "parameters": [
          " * None"
        ],
        "signature": "AutoClick:init()",
        "stripped_doc": "",
        "type": "Method"
      },
      {
        "def": "AutoClick:isRunning()",
        "desc": "Checks if this spoon is enabled and running",
        "doc": "Checks if this spoon is enabled and running\n\nParameters:\n * None\n\nReturns:\n * A boolean, true if this spoon is running, otherwise false",
        "name": "isRunning",
        "parameters": [
          " * None"
        ],
        "returns": [
          " * A boolean, true if this spoon is running, otherwise false"
        ],
        "signature": "AutoClick:isRunning()",
        "stripped_doc": "",
        "type": "Method"
      },
      {
        "def": "AutoClick:trigger()",
        "desc": "Start/Stop AutoClick",
        "doc": "Start/Stop AutoClick\n\nParameters:\n * None",
        "name": "trigger",
        "parameters": [
          " * None"
        ],
        "signature": "AutoClick:trigger()",
        "stripped_doc": "",
        "type": "Method"
      }
    ],
    "Variable": [
      {
        "def": "AutoClick.clicksPerSecond",
        "desc": "Clicks per second. May not work properly if set too high (above ~50). Defaults to 10.",
        "doc": "Clicks per second. May not work properly if set too high (above ~50). Defaults to 10.",
        "name": "clicksPerSecond",
        "signature": "AutoClick.clicksPerSecond",
        "stripped_doc": "",
        "type": "Variable"
      }
    ],
    "desc": "Autoclicker tool, configurable with clicks per seconds",
    "doc": "Autoclicker tool, configurable with clicks per seconds\n\nDownload: [https://github.com/Carleslc/Spoons/raw/master/Spoons/AutoClick.spoon.zip](https://github.com/Carleslc/Spoons/raw/master/Spoons/AutoClick.spoon.zip)",
    "items": [
      {
        "def": "AutoClick:bindHotkeys(mapping)",
        "desc": "Binds hotkeys for AutoClick",
        "doc": "Binds hotkeys for AutoClick\n\nParameters:\n * mapping - A table containing hotkey modifier/key details for the following items:\n  * triggerAutoClick - Start/Stop AutoClick",
        "name": "bindHotkeys",
        "parameters": [
          " * mapping - A table containing hotkey modifier/key details for the following items:",
          "  * triggerAutoClick - Start/Stop AutoClick"
        ],
        "signature": "AutoClick:bindHotkeys(mapping)",
        "stripped_doc": "",
        "type": "Method"
      },
      {
        "def": "AutoClick.clicksPerSecond",
        "desc": "Clicks per second. May not work properly if set too high (above ~50). Defaults to 10.",
        "doc": "Clicks per second. May not work properly if set too high (above ~50). Defaults to 10.",
        "name": "clicksPerSecond",
        "signature": "AutoClick.clicksPerSecond",
        "stripped_doc": "",
        "type": "Variable"
      },
      {
        "def": "AutoClick:init()",
        "desc": "Initializes AutoClick",
        "doc": "Initializes AutoClick\n\nParameters:\n * None",
        "name": "init",
        "parameters": [
          " * None"
        ],
        "signature": "AutoClick:init()",
        "stripped_doc": "",
        "type": "Method"
      },
      {
        "def": "AutoClick:isRunning()",
        "desc": "Checks if this spoon is enabled and running",
        "doc": "Checks if this spoon is enabled and running\n\nParameters:\n * None\n\nReturns:\n * A boolean, true if this spoon is running, otherwise false",
        "name": "isRunning",
        "parameters": [
          " * None"
        ],
        "returns": [
          " * A boolean, true if this spoon is running, otherwise false"
        ],
        "signature": "AutoClick:isRunning()",
        "stripped_doc": "",
        "type": "Method"
      },
      {
        "def": "AutoClick:trigger()",
        "desc": "Start/Stop AutoClick",
        "doc": "Start/Stop AutoClick\n\nParameters:\n * None",
        "name": "trigger",
        "parameters": [
          " * None"
        ],
        "signature": "AutoClick:trigger()",
        "stripped_doc": "",
        "type": "Method"
      }
    ],
    "name": "AutoClick",
    "stripped_doc": "\nDownload: [https://github.com/Carleslc/Spoons/raw/master/Spoons/AutoClick.spoon.zip](https://github.com/Carleslc/Spoons/raw/master/Spoons/AutoClick.spoon.zip)",
    "submodules": [],
    "type": "Module"
  }
]